epoch,train_loss,train_accuracy,val_loss,val_accuracy
1,0.05725139766896471,0.9737134394668642,0.07642539433655267,0.9706390328151986
